GEO_ID,state,NAME,Population,Category,PopulationPercent,abb,CasePercent,DeathPercent,CasesRatio,DeathsRatio,flavortext
0400000US01,01,Alabama,4864680,American Indian or Alaska Native,1.26,AL,NA,NA,NA,NA,<b>Alabama</b><br>Race/Ethnicity: American Indian or Alaska Native<br><br>Percent American Indian or Alaska Native: 1.26<br>Percent Cases: NA<br>Percent Deaths: NA<br>
0400000US01,01,Alabama,4864680,Asian,1.74,AL,0.75,0.76,0.43,0.44,<b>Alabama</b><br>Race/Ethnicity: Asian<br><br>Percent Asian: 1.74<br>Percent Cases: 0.75<br>Percent Deaths: 0.76<br>
0400000US01,01,Alabama,4864680,Black,27.44,AL,38.21,43.89,1.39,1.6,<b>Alabama</b><br>Race/Ethnicity: Black<br><br>Percent Black: 27.44<br>Percent Cases: 38.21<br>Percent Deaths: 43.89<br>
0400000US01,01,Alabama,4864680,Hispanic,4.18,AL,5.46,2.67,1.31,0.64,<b>Alabama</b><br>Race/Ethnicity: Hispanic<br><br>Percent Hispanic: 4.18<br>Percent Cases: 5.46<br>Percent Deaths: 2.67<br>
0400000US01,01,Alabama,4864680,Native Hawaiian or Pacific Islander,0.11,AL,NA,NA,NA,NA,<b>Alabama</b><br>Race/Ethnicity: Native Hawaiian or Pacific Islander<br><br>Percent Native Hawaiian or Pacific Islander: 0.11<br>Percent Cases: NA<br>Percent Deaths: NA<br>
0400000US01,01,Alabama,4864680,White,69.85,AL,46.01,50,0.66,0.72,<b>Alabama</b><br>Race/Ethnicity: White<br><br>Percent White: 69.85<br>Percent Cases: 46.01<br>Percent Deaths: 50<br>
0400000US02,02,Alaska,738516,American Indian or Alaska Native,19.74,AK,5.35,NA,0.27,NA,<b>Alaska</b><br>Race/Ethnicity: American Indian or Alaska Native<br><br>Percent American Indian or Alaska Native: 19.74<br>Percent Cases: 5.35<br>Percent Deaths: NA<br>
0400000US02,02,Alaska,738516,Asian,8.3,AK,12.11,NA,1.46,NA,<b>Alaska</b><br>Race/Ethnicity: Asian<br><br>Percent Asian: 8.3<br>Percent Cases: 12.11<br>Percent Deaths: NA<br>
0400000US02,02,Alaska,738516,Black,4.9,AK,1.97,NA,0.4,NA,<b>Alaska</b><br>Race/Ethnicity: Black<br><br>Percent Black: 4.9<br>Percent Cases: 1.97<br>Percent Deaths: NA<br>
0400000US02,02,Alaska,738516,Hispanic,6.93,AK,7.04,NA,1.02,NA,<b>Alaska</b><br>Race/Ethnicity: Hispanic<br><br>Percent Hispanic: 6.93<br>Percent Cases: 7.04<br>Percent Deaths: NA<br>
0400000US02,02,Alaska,738516,Native Hawaiian or Pacific Islander,1.95,AK,2.25,NA,1.15,NA,<b>Alaska</b><br>Race/Ethnicity: Native Hawaiian or Pacific Islander<br><br>Percent Native Hawaiian or Pacific Islander: 1.95<br>Percent Cases: 2.25<br>Percent Deaths: NA<br>
0400000US02,02,Alaska,738516,White,72.39,AK,58.03,NA,0.8,NA,<b>Alaska</b><br>Race/Ethnicity: White<br><br>Percent White: 72.39<br>Percent Cases: 58.03<br>Percent Deaths: NA<br>
0400000US04,04,Arizona,6946685,American Indian or Alaska Native,5.64,AZ,12.93,18.42,2.29,3.27,<b>Arizona</b><br>Race/Ethnicity: American Indian or Alaska Native<br><br>Percent American Indian or Alaska Native: 5.64<br>Percent Cases: 12.93<br>Percent Deaths: 18.42<br>
0400000US04,04,Arizona,6946685,Asian,4.32,AZ,1.26,1.32,0.29,0.3,<b>Arizona</b><br>Race/Ethnicity: Asian<br><br>Percent Asian: 4.32<br>Percent Cases: 1.26<br>Percent Deaths: 1.32<br>
0400000US04,04,Arizona,6946685,Black,5.62,AZ,3.33,3.29,0.59,0.59,<b>Arizona</b><br>Race/Ethnicity: Black<br><br>Percent Black: 5.62<br>Percent Cases: 3.33<br>Percent Deaths: 3.29<br>
0400000US04,04,Arizona,6946685,Hispanic,31.14,AZ,16.76,12.83,0.54,0.41,<b>Arizona</b><br>Race/Ethnicity: Hispanic<br><br>Percent Hispanic: 31.14<br>Percent Cases: 16.76<br>Percent Deaths: 12.83<br>
0400000US04,04,Arizona,6946685,Native Hawaiian or Pacific Islander,0.45,AZ,NA,NA,NA,NA,<b>Arizona</b><br>Race/Ethnicity: Native Hawaiian or Pacific Islander<br><br>Percent Native Hawaiian or Pacific Islander: 0.45<br>Percent Cases: NA<br>Percent Deaths: NA<br>
0400000US04,04,Arizona,6946685,White,80.34,AZ,28.41,48.68,0.35,0.61,<b>Arizona</b><br>Race/Ethnicity: White<br><br>Percent White: 80.34<br>Percent Cases: 28.41<br>Percent Deaths: 48.68<br>
0400000US05,05,Arkansas,2990671,American Indian or Alaska Native,1.89,AR,NA,NA,NA,NA,<b>Arkansas</b><br>Race/Ethnicity: American Indian or Alaska Native<br><br>Percent American Indian or Alaska Native: 1.89<br>Percent Cases: NA<br>Percent Deaths: NA<br>
0400000US05,05,Arkansas,2990671,Asian,1.86,AR,1.25,NA,0.67,NA,<b>Arkansas</b><br>Race/Ethnicity: Asian<br><br>Percent Asian: 1.86<br>Percent Cases: 1.25<br>Percent Deaths: NA<br>
0400000US05,05,Arkansas,2990671,Black,16.33,AR,32.14,33.9,1.97,2.08,<b>Arkansas</b><br>Race/Ethnicity: Black<br><br>Percent Black: 16.33<br>Percent Cases: 32.14<br>Percent Deaths: 33.9<br>
0400000US05,05,Arkansas,2990671,Hispanic,7.32,AR,NA,NA,NA,NA,<b>Arkansas</b><br>Race/Ethnicity: Hispanic<br><br>Percent Hispanic: 7.32<br>Percent Cases: NA<br>Percent Deaths: NA<br>
0400000US05,05,Arkansas,2990671,Native Hawaiian or Pacific Islander,0.36,AR,NA,1.69,NA,4.66,<b>Arkansas</b><br>Race/Ethnicity: Native Hawaiian or Pacific Islander<br><br>Percent Native Hawaiian or Pacific Islander: 0.36<br>Percent Cases: NA<br>Percent Deaths: 1.69<br>
0400000US05,05,Arkansas,2990671,White,79.31,AR,49.84,61.02,0.63,0.77,<b>Arkansas</b><br>Race/Ethnicity: White<br><br>Percent White: 79.31<br>Percent Cases: 49.84<br>Percent Deaths: 61.02<br>
0400000US06,06,California,39148760,American Indian or Alaska Native,1.94,CA,0.15,0.39,0.08,0.2,<b>California</b><br>Race/Ethnicity: American Indian or Alaska Native<br><br>Percent American Indian or Alaska Native: 1.94<br>Percent Cases: 0.15<br>Percent Deaths: 0.39<br>
0400000US06,06,California,39148760,Asian,16.43,CA,8,16.14,0.49,0.98,<b>California</b><br>Race/Ethnicity: Asian<br><br>Percent Asian: 16.43<br>Percent Cases: 8<br>Percent Deaths: 16.14<br>
0400000US06,06,California,39148760,Black,7.03,CA,4.25,10.28,0.6,1.46,<b>California</b><br>Race/Ethnicity: Black<br><br>Percent Black: 7.03<br>Percent Cases: 4.25<br>Percent Deaths: 10.28<br>
0400000US06,06,California,39148760,Hispanic,38.88,CA,29.26,32.56,0.75,0.84,<b>California</b><br>Race/Ethnicity: Hispanic<br><br>Percent Hispanic: 38.88<br>Percent Cases: 29.26<br>Percent Deaths: 32.56<br>
0400000US06,06,California,39148760,Native Hawaiian or Pacific Islander,0.81,CA,0.15,0.94,0.19,1.16,<b>California</b><br>Race/Ethnicity: Native Hawaiian or Pacific Islander<br><br>Percent Native Hawaiian or Pacific Islander: 0.81<br>Percent Cases: 0.15<br>Percent Deaths: 0.94<br>
0400000US06,06,California,39148760,White,64.1,CA,17.93,33.89,0.28,0.53,<b>California</b><br>Race/Ethnicity: White<br><br>Percent White: 64.1<br>Percent Cases: 17.93<br>Percent Deaths: 33.89<br>
0400000US08,08,Colorado,5531141,American Indian or Alaska Native,2.13,CO,0.53,0.13,0.25,0.06,<b>Colorado</b><br>Race/Ethnicity: American Indian or Alaska Native<br><br>Percent American Indian or Alaska Native: 2.13<br>Percent Cases: 0.53<br>Percent Deaths: 0.13<br>
0400000US08,08,Colorado,5531141,Asian,4.25,CO,2.68,3.66,0.63,0.86,<b>Colorado</b><br>Race/Ethnicity: Asian<br><br>Percent Asian: 4.25<br>Percent Cases: 2.68<br>Percent Deaths: 3.66<br>
0400000US08,08,Colorado,5531141,Black,5.26,CO,7.66,6.66,1.46,1.26,<b>Colorado</b><br>Race/Ethnicity: Black<br><br>Percent Black: 5.26<br>Percent Cases: 7.66<br>Percent Deaths: 6.66<br>
0400000US08,08,Colorado,5531141,Hispanic,21.42,CO,35.74,16.97,1.67,0.79,<b>Colorado</b><br>Race/Ethnicity: Hispanic<br><br>Percent Hispanic: 21.42<br>Percent Cases: 35.74<br>Percent Deaths: 16.97<br>
0400000US08,08,Colorado,5531141,Native Hawaiian or Pacific Islander,0.36,CO,0.53,0.65,1.46,1.81,<b>Colorado</b><br>Race/Ethnicity: Native Hawaiian or Pacific Islander<br><br>Percent Native Hawaiian or Pacific Islander: 0.36<br>Percent Cases: 0.53<br>Percent Deaths: 0.65<br>
0400000US08,08,Colorado,5531141,White,87.35,CO,50.55,70.1,0.58,0.8,<b>Colorado</b><br>Race/Ethnicity: White<br><br>Percent White: 87.35<br>Percent Cases: 50.55<br>Percent Deaths: 70.1<br>
0400000US09,09,Connecticut,3581504,American Indian or Alaska Native,1.02,CT,NA,NA,NA,NA,<b>Connecticut</b><br>Race/Ethnicity: American Indian or Alaska Native<br><br>Percent American Indian or Alaska Native: 1.02<br>Percent Cases: NA<br>Percent Deaths: NA<br>
0400000US09,09,Connecticut,3581504,Asian,5.25,CT,1.46,0.88,0.28,0.17,<b>Connecticut</b><br>Race/Ethnicity: Asian<br><br>Percent Asian: 5.25<br>Percent Cases: 1.46<br>Percent Deaths: 0.88<br>
0400000US09,09,Connecticut,3581504,Black,12.2,CT,11.6,15.13,0.95,1.24,<b>Connecticut</b><br>Race/Ethnicity: Black<br><br>Percent Black: 12.2<br>Percent Cases: 11.6<br>Percent Deaths: 15.13<br>
0400000US09,09,Connecticut,3581504,Hispanic,15.69,CT,15.35,8.72,0.98,0.56,<b>Connecticut</b><br>Race/Ethnicity: Hispanic<br><br>Percent Hispanic: 15.69<br>Percent Cases: 15.35<br>Percent Deaths: 8.72<br>
0400000US09,09,Connecticut,3581504,Native Hawaiian or Pacific Islander,0.15,CT,NA,NA,NA,NA,<b>Connecticut</b><br>Race/Ethnicity: Native Hawaiian or Pacific Islander<br><br>Percent Native Hawaiian or Pacific Islander: 0.15<br>Percent Cases: NA<br>Percent Deaths: NA<br>
0400000US09,09,Connecticut,3581504,White,78.92,CT,31.77,71.68,0.4,0.91,<b>Connecticut</b><br>Race/Ethnicity: White<br><br>Percent White: 78.92<br>Percent Cases: 31.77<br>Percent Deaths: 71.68<br>
0400000US10,10,Delaware,949495,American Indian or Alaska Native,1,DE,NA,NA,NA,NA,<b>Delaware</b><br>Race/Ethnicity: American Indian or Alaska Native<br><br>Percent American Indian or Alaska Native: 1<br>Percent Cases: NA<br>Percent Deaths: NA<br>
0400000US10,10,Delaware,949495,Asian,4.5,DE,0.02,0.69,0,0.15,<b>Delaware</b><br>Race/Ethnicity: Asian<br><br>Percent Asian: 4.5<br>Percent Cases: 0.02<br>Percent Deaths: 0.69<br>
0400000US10,10,Delaware,949495,Black,23.89,DE,27.76,25,1.16,1.05,<b>Delaware</b><br>Race/Ethnicity: Black<br><br>Percent Black: 23.89<br>Percent Cases: 27.76<br>Percent Deaths: 25<br>
0400000US10,10,Delaware,949495,Hispanic,9.09,DE,20.11,3.47,2.21,0.38,<b>Delaware</b><br>Race/Ethnicity: Hispanic<br><br>Percent Hispanic: 9.09<br>Percent Cases: 20.11<br>Percent Deaths: 3.47<br>
0400000US10,10,Delaware,949495,Native Hawaiian or Pacific Islander,0.16,DE,NA,NA,NA,NA,<b>Delaware</b><br>Race/Ethnicity: Native Hawaiian or Pacific Islander<br><br>Percent Native Hawaiian or Pacific Islander: 0.16<br>Percent Cases: NA<br>Percent Deaths: NA<br>
0400000US10,10,Delaware,949495,White,71.25,DE,25.44,56.25,0.36,0.79,<b>Delaware</b><br>Race/Ethnicity: White<br><br>Percent White: 71.25<br>Percent Cases: 25.44<br>Percent Deaths: 56.25<br>
0400000US11,11,District of Columbia,684498,American Indian or Alaska Native,0.9,DC,0.27,NA,0.3,NA,<b>District of Columbia</b><br>Race/Ethnicity: American Indian or Alaska Native<br><br>Percent American Indian or Alaska Native: 0.9<br>Percent Cases: 0.27<br>Percent Deaths: NA<br>
0400000US11,11,District of Columbia,684498,Asian,5.18,DC,1.56,1.95,0.3,0.38,<b>District of Columbia</b><br>Race/Ethnicity: Asian<br><br>Percent Asian: 5.18<br>Percent Cases: 1.56<br>Percent Deaths: 1.95<br>
0400000US11,11,District of Columbia,684498,Black,48.43,DC,49.61,79.51,1.02,1.64,<b>District of Columbia</b><br>Race/Ethnicity: Black<br><br>Percent Black: 48.43<br>Percent Cases: 49.61<br>Percent Deaths: 79.51<br>
0400000US11,11,District of Columbia,684498,Hispanic,10.92,DC,19.41,6.83,1.78,0.63,<b>District of Columbia</b><br>Race/Ethnicity: Hispanic<br><br>Percent Hispanic: 10.92<br>Percent Cases: 19.41<br>Percent Deaths: 6.83<br>
0400000US11,11,District of Columbia,684498,Native Hawaiian or Pacific Islander,0.17,DC,0.27,NA,1.55,NA,<b>District of Columbia</b><br>Race/Ethnicity: Native Hawaiian or Pacific Islander<br><br>Percent Native Hawaiian or Pacific Islander: 0.17<br>Percent Cases: 0.27<br>Percent Deaths: NA<br>
0400000US11,11,District of Columbia,684498,White,43.25,DC,17.12,10.73,0.4,0.25,<b>District of Columbia</b><br>Race/Ethnicity: White<br><br>Percent White: 43.25<br>Percent Cases: 17.12<br>Percent Deaths: 10.73<br>
0400000US12,12,Florida,20598139,American Indian or Alaska Native,0.83,FL,NA,NA,NA,NA,<b>Florida</b><br>Race/Ethnicity: American Indian or Alaska Native<br><br>Percent American Indian or Alaska Native: 0.83<br>Percent Cases: NA<br>Percent Deaths: NA<br>
0400000US12,12,Florida,20598139,Asian,3.46,FL,NA,NA,NA,NA,<b>Florida</b><br>Race/Ethnicity: Asian<br><br>Percent Asian: 3.46<br>Percent Cases: NA<br>Percent Deaths: NA<br>
0400000US12,12,Florida,20598139,Black,17.44,FL,17.78,NA,1.02,NA,<b>Florida</b><br>Race/Ethnicity: Black<br><br>Percent Black: 17.44<br>Percent Cases: 17.78<br>Percent Deaths: NA<br>
0400000US12,12,Florida,20598139,Hispanic,25.17,FL,28.85,NA,1.15,NA,<b>Florida</b><br>Race/Ethnicity: Hispanic<br><br>Percent Hispanic: 25.17<br>Percent Cases: 28.85<br>Percent Deaths: NA<br>
0400000US12,12,Florida,20598139,Native Hawaiian or Pacific Islander,0.2,FL,NA,NA,NA,NA,<b>Florida</b><br>Race/Ethnicity: Native Hawaiian or Pacific Islander<br><br>Percent Native Hawaiian or Pacific Islander: 0.2<br>Percent Cases: NA<br>Percent Deaths: NA<br>
0400000US12,12,Florida,20598139,White,77.63,FL,49.96,NA,0.64,NA,<b>Florida</b><br>Race/Ethnicity: White<br><br>Percent White: 77.63<br>Percent Cases: 49.96<br>Percent Deaths: NA<br>
0400000US13,13,Georgia,10297484,American Indian or Alaska Native,0.95,GA,0.1,0.09,0.11,0.1,<b>Georgia</b><br>Race/Ethnicity: American Indian or Alaska Native<br><br>Percent American Indian or Alaska Native: 0.95<br>Percent Cases: 0.1<br>Percent Deaths: 0.09<br>
0400000US13,13,Georgia,10297484,Asian,4.59,GA,1.11,1.82,0.24,0.4,<b>Georgia</b><br>Race/Ethnicity: Asian<br><br>Percent Asian: 4.59<br>Percent Cases: 1.11<br>Percent Deaths: 1.82<br>
0400000US13,13,Georgia,10297484,Black,32.81,GA,28.24,51.36,0.86,1.57,<b>Georgia</b><br>Race/Ethnicity: Black<br><br>Percent Black: 32.81<br>Percent Cases: 28.24<br>Percent Deaths: 51.36<br>
0400000US13,13,Georgia,10297484,Hispanic,9.4,GA,6.32,3.27,0.67,0.35,<b>Georgia</b><br>Race/Ethnicity: Hispanic<br><br>Percent Hispanic: 9.4<br>Percent Cases: 6.32<br>Percent Deaths: 3.27<br>
0400000US13,13,Georgia,10297484,Native Hawaiian or Pacific Islander,0.16,GA,0.03,0,0.19,0,<b>Georgia</b><br>Race/Ethnicity: Native Hawaiian or Pacific Islander<br><br>Percent Native Hawaiian or Pacific Islander: 0.16<br>Percent Cases: 0.03<br>Percent Deaths: 0<br>
0400000US13,13,Georgia,10297484,White,61.04,GA,22.45,42.27,0.37,0.69,<b>Georgia</b><br>Race/Ethnicity: White<br><br>Percent White: 61.04<br>Percent Cases: 22.45<br>Percent Deaths: 42.27<br>
0400000US15,15,Hawaii,1422029,American Indian or Alaska Native,2.37,HI,NA,NA,NA,NA,<b>Hawaii</b><br>Race/Ethnicity: American Indian or Alaska Native<br><br>Percent American Indian or Alaska Native: 2.37<br>Percent Cases: NA<br>Percent Deaths: NA<br>
0400000US15,15,Hawaii,1422029,Asian,56.48,HI,26.96,NA,0.48,NA,<b>Hawaii</b><br>Race/Ethnicity: Asian<br><br>Percent Asian: 56.48<br>Percent Cases: 26.96<br>Percent Deaths: NA<br>
0400000US15,15,Hawaii,1422029,Black,3.48,HI,0.83,NA,0.24,NA,<b>Hawaii</b><br>Race/Ethnicity: Black<br><br>Percent Black: 3.48<br>Percent Cases: 0.83<br>Percent Deaths: NA<br>
0400000US15,15,Hawaii,1422029,Hispanic,10.4,HI,NA,NA,NA,NA,<b>Hawaii</b><br>Race/Ethnicity: Hispanic<br><br>Percent Hispanic: 10.4<br>Percent Cases: NA<br>Percent Deaths: NA<br>
0400000US15,15,Hawaii,1422029,Native Hawaiian or Pacific Islander,26.22,HI,9.82,NA,0.37,NA,<b>Hawaii</b><br>Race/Ethnicity: Native Hawaiian or Pacific Islander<br><br>Percent Native Hawaiian or Pacific Islander: 26.22<br>Percent Cases: 9.82<br>Percent Deaths: NA<br>
0400000US15,15,Hawaii,1422029,White,43.06,HI,25.96,NA,0.6,NA,<b>Hawaii</b><br>Race/Ethnicity: White<br><br>Percent White: 43.06<br>Percent Cases: 25.96<br>Percent Deaths: NA<br>
0400000US16,16,Idaho,1687809,American Indian or Alaska Native,2.41,ID,NA,NA,NA,NA,<b>Idaho</b><br>Race/Ethnicity: American Indian or Alaska Native<br><br>Percent American Indian or Alaska Native: 2.41<br>Percent Cases: NA<br>Percent Deaths: NA<br>
0400000US16,16,Idaho,1687809,Asian,2.3,ID,NA,NA,NA,NA,<b>Idaho</b><br>Race/Ethnicity: Asian<br><br>Percent Asian: 2.3<br>Percent Cases: NA<br>Percent Deaths: NA<br>
0400000US16,16,Idaho,1687809,Black,1.18,ID,NA,1.67,NA,1.41,<b>Idaho</b><br>Race/Ethnicity: Black<br><br>Percent Black: 1.18<br>Percent Cases: NA<br>Percent Deaths: 1.67<br>
0400000US16,16,Idaho,1687809,Hispanic,12.39,ID,NA,6.67,NA,0.54,<b>Idaho</b><br>Race/Ethnicity: Hispanic<br><br>Percent Hispanic: 12.39<br>Percent Cases: NA<br>Percent Deaths: 6.67<br>
0400000US16,16,Idaho,1687809,Native Hawaiian or Pacific Islander,0.42,ID,NA,3.33,NA,7.89,<b>Idaho</b><br>Race/Ethnicity: Native Hawaiian or Pacific Islander<br><br>Percent Native Hawaiian or Pacific Islander: 0.42<br>Percent Cases: NA<br>Percent Deaths: 3.33<br>
0400000US16,16,Idaho,1687809,White,93.07,ID,NA,95,NA,1.02,<b>Idaho</b><br>Race/Ethnicity: White<br><br>Percent White: 93.07<br>Percent Cases: NA<br>Percent Deaths: 95<br>
0400000US17,17,Illinois,12821497,American Indian or Alaska Native,0.77,IL,0.14,0.09,0.18,0.12,<b>Illinois</b><br>Race/Ethnicity: American Indian or Alaska Native<br><br>Percent American Indian or Alaska Native: 0.77<br>Percent Cases: 0.14<br>Percent Deaths: 0.09<br>
0400000US17,17,Illinois,12821497,Asian,6.2,IL,3.41,4.11,0.55,0.66,<b>Illinois</b><br>Race/Ethnicity: Asian<br><br>Percent Asian: 6.2<br>Percent Cases: 3.41<br>Percent Deaths: 4.11<br>
0400000US17,17,Illinois,12821497,Black,15.29,IL,21.55,35.94,1.41,2.35,<b>Illinois</b><br>Race/Ethnicity: Black<br><br>Percent Black: 15.29<br>Percent Cases: 21.55<br>Percent Deaths: 35.94<br>
0400000US17,17,Illinois,12821497,Hispanic,16.96,IL,21.54,13.41,1.27,0.79,<b>Illinois</b><br>Race/Ethnicity: Hispanic<br><br>Percent Hispanic: 16.96<br>Percent Cases: 21.54<br>Percent Deaths: 13.41<br>
0400000US17,17,Illinois,12821497,Native Hawaiian or Pacific Islander,0.11,IL,0.12,0.09,1.08,0.8,<b>Illinois</b><br>Race/Ethnicity: Native Hawaiian or Pacific Islander<br><br>Percent Native Hawaiian or Pacific Islander: 0.11<br>Percent Cases: 0.12<br>Percent Deaths: 0.09<br>
0400000US17,17,Illinois,12821497,White,73.81,IL,23.19,41.17,0.31,0.56,<b>Illinois</b><br>Race/Ethnicity: White<br><br>Percent White: 73.81<br>Percent Cases: 23.19<br>Percent Deaths: 41.17<br>
0400000US18,18,Indiana,6637426,American Indian or Alaska Native,0.77,IN,NA,NA,NA,NA,<b>Indiana</b><br>Race/Ethnicity: American Indian or Alaska Native<br><br>Percent American Indian or Alaska Native: 0.77<br>Percent Cases: NA<br>Percent Deaths: NA<br>
0400000US18,18,Indiana,6637426,Asian,2.67,IN,1.59,NA,0.6,NA,<b>Indiana</b><br>Race/Ethnicity: Asian<br><br>Percent Asian: 2.67<br>Percent Cases: 1.59<br>Percent Deaths: NA<br>
0400000US18,18,Indiana,6637426,Black,10.67,IN,15.6,NA,1.46,NA,<b>Indiana</b><br>Race/Ethnicity: Black<br><br>Percent Black: 10.67<br>Percent Cases: 15.6<br>Percent Deaths: NA<br>
0400000US18,18,Indiana,6637426,Hispanic,6.78,IN,9.2,NA,1.36,NA,<b>Indiana</b><br>Race/Ethnicity: Hispanic<br><br>Percent Hispanic: 6.78<br>Percent Cases: 9.2<br>Percent Deaths: NA<br>
0400000US18,18,Indiana,6637426,Native Hawaiian or Pacific Islander,0.12,IN,NA,NA,NA,NA,<b>Indiana</b><br>Race/Ethnicity: Native Hawaiian or Pacific Islander<br><br>Percent Native Hawaiian or Pacific Islander: 0.12<br>Percent Cases: NA<br>Percent Deaths: NA<br>
0400000US18,18,Indiana,6637426,White,85.83,IN,47.3,NA,0.55,NA,<b>Indiana</b><br>Race/Ethnicity: White<br><br>Percent White: 85.83<br>Percent Cases: 47.3<br>Percent Deaths: NA<br>
0400000US19,19,Iowa,3132499,American Indian or Alaska Native,0.88,IA,NA,NA,NA,NA,<b>Iowa</b><br>Race/Ethnicity: American Indian or Alaska Native<br><br>Percent American Indian or Alaska Native: 0.88<br>Percent Cases: NA<br>Percent Deaths: NA<br>
0400000US19,19,Iowa,3132499,Asian,2.91,IA,8.2,NA,2.82,NA,<b>Iowa</b><br>Race/Ethnicity: Asian<br><br>Percent Asian: 2.91<br>Percent Cases: 8.2<br>Percent Deaths: NA<br>
0400000US19,19,Iowa,3132499,Black,4.61,IA,13.3,NA,2.89,NA,<b>Iowa</b><br>Race/Ethnicity: Black<br><br>Percent Black: 4.61<br>Percent Cases: 13.3<br>Percent Deaths: NA<br>
0400000US19,19,Iowa,3132499,Hispanic,5.85,IA,22.39,NA,3.83,NA,<b>Iowa</b><br>Race/Ethnicity: Hispanic<br><br>Percent Hispanic: 5.85<br>Percent Cases: 22.39<br>Percent Deaths: NA<br>
0400000US19,19,Iowa,3132499,Native Hawaiian or Pacific Islander,0.17,IA,NA,NA,NA,NA,<b>Iowa</b><br>Race/Ethnicity: Native Hawaiian or Pacific Islander<br><br>Percent Native Hawaiian or Pacific Islander: 0.17<br>Percent Cases: NA<br>Percent Deaths: NA<br>
0400000US19,19,Iowa,3132499,White,92.22,IA,56.09,NA,0.61,NA,<b>Iowa</b><br>Race/Ethnicity: White<br><br>Percent White: 92.22<br>Percent Cases: 56.09<br>Percent Deaths: NA<br>
0400000US20,20,Kansas,2908776,American Indian or Alaska Native,2.14,KS,0.37,0.8,0.18,0.37,<b>Kansas</b><br>Race/Ethnicity: American Indian or Alaska Native<br><br>Percent American Indian or Alaska Native: 2.14<br>Percent Cases: 0.37<br>Percent Deaths: 0.8<br>
0400000US20,20,Kansas,2908776,Asian,3.55,KS,3.05,0,0.86,0,<b>Kansas</b><br>Race/Ethnicity: Asian<br><br>Percent Asian: 3.55<br>Percent Cases: 3.05<br>Percent Deaths: 0<br>
0400000US20,20,Kansas,2908776,Black,7.38,KS,11.58,31.2,1.57,4.23,<b>Kansas</b><br>Race/Ethnicity: Black<br><br>Percent Black: 7.38<br>Percent Cases: 11.58<br>Percent Deaths: 31.2<br>
0400000US20,20,Kansas,2908776,Hispanic,11.71,KS,35.26,3.2,3.01,0.27,<b>Kansas</b><br>Race/Ethnicity: Hispanic<br><br>Percent Hispanic: 11.71<br>Percent Cases: 35.26<br>Percent Deaths: 3.2<br>
0400000US20,20,Kansas,2908776,Native Hawaiian or Pacific Islander,0.2,KS,NA,NA,NA,NA,<b>Kansas</b><br>Race/Ethnicity: Native Hawaiian or Pacific Islander<br><br>Percent Native Hawaiian or Pacific Islander: 0.2<br>Percent Cases: NA<br>Percent Deaths: NA<br>
0400000US20,20,Kansas,2908776,White,87.78,KS,62.2,60.8,0.71,0.69,<b>Kansas</b><br>Race/Ethnicity: White<br><br>Percent White: 87.78<br>Percent Cases: 62.2<br>Percent Deaths: 60.8<br>
0400000US21,21,Kentucky,4440204,American Indian or Alaska Native,0.77,KY,0,NA,0,NA,<b>Kentucky</b><br>Race/Ethnicity: American Indian or Alaska Native<br><br>Percent American Indian or Alaska Native: 0.77<br>Percent Cases: 0<br>Percent Deaths: NA<br>
0400000US21,21,Kentucky,4440204,Asian,1.82,KY,0.07,1.28,0.04,0.7,<b>Kentucky</b><br>Race/Ethnicity: Asian<br><br>Percent Asian: 1.82<br>Percent Cases: 0.07<br>Percent Deaths: 1.28<br>
0400000US21,21,Kentucky,4440204,Black,9.3,KY,10.73,15.32,1.15,1.65,<b>Kentucky</b><br>Race/Ethnicity: Black<br><br>Percent Black: 9.3<br>Percent Cases: 10.73<br>Percent Deaths: 15.32<br>
0400000US21,21,Kentucky,4440204,Hispanic,3.58,KY,6.9,0.85,1.93,0.24,<b>Kentucky</b><br>Race/Ethnicity: Hispanic<br><br>Percent Hispanic: 3.58<br>Percent Cases: 6.9<br>Percent Deaths: 0.85<br>
0400000US21,21,Kentucky,4440204,Native Hawaiian or Pacific Islander,0.13,KY,0,NA,0,NA,<b>Kentucky</b><br>Race/Ethnicity: Native Hawaiian or Pacific Islander<br><br>Percent Native Hawaiian or Pacific Islander: 0.13<br>Percent Cases: 0<br>Percent Deaths: NA<br>
0400000US21,21,Kentucky,4440204,White,89.17,KY,58.63,68.09,0.66,0.76,<b>Kentucky</b><br>Race/Ethnicity: White<br><br>Percent White: 89.17<br>Percent Cases: 58.63<br>Percent Deaths: 68.09<br>
0400000US22,22,Louisiana,4663616,American Indian or Alaska Native,1.27,LA,NA,0,NA,0,<b>Louisiana</b><br>Race/Ethnicity: American Indian or Alaska Native<br><br>Percent American Indian or Alaska Native: 1.27<br>Percent Cases: NA<br>Percent Deaths: 0<br>
0400000US22,22,Louisiana,4663616,Asian,2.07,LA,NA,0.78,NA,0.38,<b>Louisiana</b><br>Race/Ethnicity: Asian<br><br>Percent Asian: 2.07<br>Percent Cases: NA<br>Percent Deaths: 0.78<br>
0400000US22,22,Louisiana,4663616,Black,33.3,LA,NA,58.26,NA,1.75,<b>Louisiana</b><br>Race/Ethnicity: Black<br><br>Percent Black: 33.3<br>Percent Cases: NA<br>Percent Deaths: 58.26<br>
0400000US22,22,Louisiana,4663616,Hispanic,5.04,LA,NA,1.62,NA,0.32,<b>Louisiana</b><br>Race/Ethnicity: Hispanic<br><br>Percent Hispanic: 5.04<br>Percent Cases: NA<br>Percent Deaths: 1.62<br>
0400000US22,22,Louisiana,4663616,Native Hawaiian or Pacific Islander,0.1,LA,NA,0.24,NA,2.49,<b>Louisiana</b><br>Race/Ethnicity: Native Hawaiian or Pacific Islander<br><br>Percent Native Hawaiian or Pacific Islander: 0.1<br>Percent Cases: NA<br>Percent Deaths: 0.24<br>
0400000US22,22,Louisiana,4663616,White,63.94,LA,NA,38.2,NA,0.6,<b>Louisiana</b><br>Race/Ethnicity: White<br><br>Percent White: 63.94<br>Percent Cases: NA<br>Percent Deaths: 38.2<br>
0400000US23,23,Maine,1332813,American Indian or Alaska Native,1.73,ME,0.09,NA,0.05,NA,<b>Maine</b><br>Race/Ethnicity: American Indian or Alaska Native<br><br>Percent American Indian or Alaska Native: 1.73<br>Percent Cases: 0.09<br>Percent Deaths: NA<br>
0400000US23,23,Maine,1332813,Asian,1.66,ME,1.22,NA,0.73,NA,<b>Maine</b><br>Race/Ethnicity: Asian<br><br>Percent Asian: 1.66<br>Percent Cases: 1.22<br>Percent Deaths: NA<br>
0400000US23,23,Maine,1332813,Black,1.93,ME,3.84,NA,1.99,NA,<b>Maine</b><br>Race/Ethnicity: Black<br><br>Percent Black: 1.93<br>Percent Cases: 3.84<br>Percent Deaths: NA<br>
0400000US23,23,Maine,1332813,Hispanic,1.61,ME,2.15,NA,1.34,NA,<b>Maine</b><br>Race/Ethnicity: Hispanic<br><br>Percent Hispanic: 1.61<br>Percent Cases: 2.15<br>Percent Deaths: NA<br>
0400000US23,23,Maine,1332813,Native Hawaiian or Pacific Islander,0.12,ME,1.22,NA,10.38,NA,<b>Maine</b><br>Race/Ethnicity: Native Hawaiian or Pacific Islander<br><br>Percent Native Hawaiian or Pacific Islander: 0.12<br>Percent Cases: 1.22<br>Percent Deaths: NA<br>
0400000US23,23,Maine,1332813,White,96.56,ME,68.38,NA,0.71,NA,<b>Maine</b><br>Race/Ethnicity: White<br><br>Percent White: 96.56<br>Percent Cases: 68.38<br>Percent Deaths: NA<br>
0400000US24,24,Maryland,6003435,American Indian or Alaska Native,1.02,MD,NA,NA,NA,NA,<b>Maryland</b><br>Race/Ethnicity: American Indian or Alaska Native<br><br>Percent American Indian or Alaska Native: 1.02<br>Percent Cases: NA<br>Percent Deaths: NA<br>
0400000US24,24,Maryland,6003435,Asian,7.37,MD,2.08,3.65,0.28,0.5,<b>Maryland</b><br>Race/Ethnicity: Asian<br><br>Percent Asian: 7.37<br>Percent Cases: 2.08<br>Percent Deaths: 3.65<br>
0400000US24,24,Maryland,6003435,Black,31.64,MD,36.52,41.02,1.15,1.3,<b>Maryland</b><br>Race/Ethnicity: Black<br><br>Percent Black: 31.64<br>Percent Cases: 36.52<br>Percent Deaths: 41.02<br>
0400000US24,24,Maryland,6003435,Hispanic,9.81,MD,16.66,6.5,1.7,0.66,<b>Maryland</b><br>Race/Ethnicity: Hispanic<br><br>Percent Hispanic: 9.81<br>Percent Cases: 16.66<br>Percent Deaths: 6.5<br>
0400000US24,24,Maryland,6003435,Native Hawaiian or Pacific Islander,0.19,MD,NA,NA,NA,NA,<b>Maryland</b><br>Race/Ethnicity: Native Hawaiian or Pacific Islander<br><br>Percent Native Hawaiian or Pacific Islander: 0.19<br>Percent Cases: NA<br>Percent Deaths: NA<br>
0400000US24,24,Maryland,6003435,White,58.85,MD,23.06,39.59,0.39,0.67,<b>Maryland</b><br>Race/Ethnicity: White<br><br>Percent White: 58.85<br>Percent Cases: 23.06<br>Percent Deaths: 39.59<br>
0400000US25,25,Massachusetts,6830193,American Indian or Alaska Native,0.71,MA,NA,NA,NA,NA,<b>Massachusetts</b><br>Race/Ethnicity: American Indian or Alaska Native<br><br>Percent American Indian or Alaska Native: 0.71<br>Percent Cases: NA<br>Percent Deaths: NA<br>
0400000US25,25,Massachusetts,6830193,Asian,7.36,MA,1.5,1.88,0.2,0.26,<b>Massachusetts</b><br>Race/Ethnicity: Asian<br><br>Percent Asian: 7.36<br>Percent Cases: 1.5<br>Percent Deaths: 1.88<br>
0400000US25,25,Massachusetts,6830193,Black,9.19,MA,7,5.29,0.76,0.58,<b>Massachusetts</b><br>Race/Ethnicity: Black<br><br>Percent Black: 9.19<br>Percent Cases: 7<br>Percent Deaths: 5.29<br>
0400000US25,25,Massachusetts,6830193,Hispanic,11.55,MA,11.8,5.49,1.02,0.48,<b>Massachusetts</b><br>Race/Ethnicity: Hispanic<br><br>Percent Hispanic: 11.55<br>Percent Cases: 11.8<br>Percent Deaths: 5.49<br>
0400000US25,25,Massachusetts,6830193,Native Hawaiian or Pacific Islander,0.15,MA,NA,NA,NA,NA,<b>Massachusetts</b><br>Race/Ethnicity: Native Hawaiian or Pacific Islander<br><br>Percent Native Hawaiian or Pacific Islander: 0.15<br>Percent Cases: NA<br>Percent Deaths: NA<br>
0400000US25,25,Massachusetts,6830193,White,81.25,MA,22.2,34.39,0.27,0.42,<b>Massachusetts</b><br>Race/Ethnicity: White<br><br>Percent White: 81.25<br>Percent Cases: 22.2<br>Percent Deaths: 34.39<br>
0400000US26,26,Michigan,9957488,American Indian or Alaska Native,1.48,MI,0.5,0.49,0.34,0.33,<b>Michigan</b><br>Race/Ethnicity: American Indian or Alaska Native<br><br>Percent American Indian or Alaska Native: 1.48<br>Percent Cases: 0.5<br>Percent Deaths: 0.49<br>
0400000US26,26,Michigan,9957488,Asian,3.7,MI,2.01,0.99,0.54,0.27,<b>Michigan</b><br>Race/Ethnicity: Asian<br><br>Percent Asian: 3.7<br>Percent Cases: 2.01<br>Percent Deaths: 0.99<br>
0400000US26,26,Michigan,9957488,Black,15.23,MI,32.16,40.23,2.11,2.64,<b>Michigan</b><br>Race/Ethnicity: Black<br><br>Percent Black: 15.23<br>Percent Cases: 32.16<br>Percent Deaths: 40.23<br>
0400000US26,26,Michigan,9957488,Hispanic,5,MI,3.01,0.99,0.6,0.2,<b>Michigan</b><br>Race/Ethnicity: Hispanic<br><br>Percent Hispanic: 5<br>Percent Cases: 3.01<br>Percent Deaths: 0.99<br>
0400000US26,26,Michigan,9957488,Native Hawaiian or Pacific Islander,0.11,MI,NA,NA,NA,NA,<b>Michigan</b><br>Race/Ethnicity: Native Hawaiian or Pacific Islander<br><br>Percent Native Hawaiian or Pacific Islander: 0.11<br>Percent Cases: NA<br>Percent Deaths: NA<br>
0400000US26,26,Michigan,9957488,White,81.08,MI,32.16,45.25,0.4,0.56,<b>Michigan</b><br>Race/Ethnicity: White<br><br>Percent White: 81.08<br>Percent Cases: 32.16<br>Percent Deaths: 45.25<br>
0400000US27,27,Minnesota,5527358,American Indian or Alaska Native,1.94,MN,0.98,1.86,0.5,0.96,<b>Minnesota</b><br>Race/Ethnicity: American Indian or Alaska Native<br><br>Percent American Indian or Alaska Native: 1.94<br>Percent Cases: 0.98<br>Percent Deaths: 1.86<br>
0400000US27,27,Minnesota,5527358,Asian,5.61,MN,3.93,0.93,0.7,0.17,<b>Minnesota</b><br>Race/Ethnicity: Asian<br><br>Percent Asian: 5.61<br>Percent Cases: 3.93<br>Percent Deaths: 0.93<br>
0400000US27,27,Minnesota,5527358,Black,7.43,MN,12.8,4.66,1.72,0.63,<b>Minnesota</b><br>Race/Ethnicity: Black<br><br>Percent Black: 7.43<br>Percent Cases: 12.8<br>Percent Deaths: 4.66<br>
0400000US27,27,Minnesota,5527358,Hispanic,5.3,MN,12.8,2.8,2.42,0.53,<b>Minnesota</b><br>Race/Ethnicity: Hispanic<br><br>Percent Hispanic: 5.3<br>Percent Cases: 12.8<br>Percent Deaths: 2.8<br>
0400000US27,27,Minnesota,5527358,Native Hawaiian or Pacific Islander,0.14,MN,0.49,0,3.58,0,<b>Minnesota</b><br>Race/Ethnicity: Native Hawaiian or Pacific Islander<br><br>Percent Native Hawaiian or Pacific Islander: 0.14<br>Percent Cases: 0.49<br>Percent Deaths: 0<br>
0400000US27,27,Minnesota,5527358,White,85.92,MN,45.35,67.08,0.53,0.78,<b>Minnesota</b><br>Race/Ethnicity: White<br><br>Percent White: 85.92<br>Percent Cases: 45.35<br>Percent Deaths: 67.08<br>
0400000US28,28,Mississippi,2988762,American Indian or Alaska Native,0.82,MS,NA,NA,NA,NA,<b>Mississippi</b><br>Race/Ethnicity: American Indian or Alaska Native<br><br>Percent American Indian or Alaska Native: 0.82<br>Percent Cases: NA<br>Percent Deaths: NA<br>
0400000US28,28,Mississippi,2988762,Asian,1.23,MS,NA,NA,NA,NA,<b>Mississippi</b><br>Race/Ethnicity: Asian<br><br>Percent Asian: 1.23<br>Percent Cases: NA<br>Percent Deaths: NA<br>
0400000US28,28,Mississippi,2988762,Black,38.41,MS,52.26,58,1.36,1.51,<b>Mississippi</b><br>Race/Ethnicity: Black<br><br>Percent Black: 38.41<br>Percent Cases: 52.26<br>Percent Deaths: 58<br>
0400000US28,28,Mississippi,2988762,Hispanic,3.03,MS,NA,NA,NA,NA,<b>Mississippi</b><br>Race/Ethnicity: Hispanic<br><br>Percent Hispanic: 3.03<br>Percent Cases: NA<br>Percent Deaths: NA<br>
0400000US28,28,Mississippi,2988762,Native Hawaiian or Pacific Islander,0.1,MS,NA,NA,NA,NA,<b>Mississippi</b><br>Race/Ethnicity: Native Hawaiian or Pacific Islander<br><br>Percent Native Hawaiian or Pacific Islander: 0.1<br>Percent Cases: NA<br>Percent Deaths: NA<br>
0400000US28,28,Mississippi,2988762,White,59.79,MS,33.52,41.2,0.56,0.69,<b>Mississippi</b><br>Race/Ethnicity: White<br><br>Percent White: 59.79<br>Percent Cases: 33.52<br>Percent Deaths: 41.2<br>
0400000US29,29,Missouri,6090062,American Indian or Alaska Native,1.3,MO,NA,NA,NA,NA,<b>Missouri</b><br>Race/Ethnicity: American Indian or Alaska Native<br><br>Percent American Indian or Alaska Native: 1.3<br>Percent Cases: NA<br>Percent Deaths: NA<br>
0400000US29,29,Missouri,6090062,Asian,2.47,MO,NA,NA,NA,NA,<b>Missouri</b><br>Race/Ethnicity: Asian<br><br>Percent Asian: 2.47<br>Percent Cases: NA<br>Percent Deaths: NA<br>
0400000US29,29,Missouri,6090062,Black,12.79,MO,31,30.82,2.42,2.41,<b>Missouri</b><br>Race/Ethnicity: Black<br><br>Percent Black: 12.79<br>Percent Cases: 31<br>Percent Deaths: 30.82<br>
0400000US29,29,Missouri,6090062,Hispanic,4.09,MO,5,0,1.22,0,<b>Missouri</b><br>Race/Ethnicity: Hispanic<br><br>Percent Hispanic: 4.09<br>Percent Cases: 5<br>Percent Deaths: 0<br>
0400000US29,29,Missouri,6090062,Native Hawaiian or Pacific Islander,0.22,MO,NA,NA,NA,NA,<b>Missouri</b><br>Race/Ethnicity: Native Hawaiian or Pacific Islander<br><br>Percent Native Hawaiian or Pacific Islander: 0.22<br>Percent Cases: NA<br>Percent Deaths: NA<br>
0400000US29,29,Missouri,6090062,White,84.58,MO,41.01,40.88,0.48,0.48,<b>Missouri</b><br>Race/Ethnicity: White<br><br>Percent White: 84.58<br>Percent Cases: 41.01<br>Percent Deaths: 40.88<br>
0400000US30,30,Montana,1041732,American Indian or Alaska Native,8.19,MT,5.1,NA,0.62,NA,<b>Montana</b><br>Race/Ethnicity: American Indian or Alaska Native<br><br>Percent American Indian or Alaska Native: 8.19<br>Percent Cases: 5.1<br>Percent Deaths: NA<br>
0400000US30,30,Montana,1041732,Asian,1.34,MT,0.22,NA,0.16,NA,<b>Montana</b><br>Race/Ethnicity: Asian<br><br>Percent Asian: 1.34<br>Percent Cases: 0.22<br>Percent Deaths: NA<br>
0400000US30,30,Montana,1041732,Black,0.97,MT,0.44,NA,0.46,NA,<b>Montana</b><br>Race/Ethnicity: Black<br><br>Percent Black: 0.97<br>Percent Cases: 0.44<br>Percent Deaths: NA<br>
0400000US30,30,Montana,1041732,Hispanic,3.75,MT,1.77,NA,0.47,NA,<b>Montana</b><br>Race/Ethnicity: Hispanic<br><br>Percent Hispanic: 3.75<br>Percent Cases: 1.77<br>Percent Deaths: NA<br>
0400000US30,30,Montana,1041732,Native Hawaiian or Pacific Islander,0.2,MT,NA,NA,NA,NA,<b>Montana</b><br>Race/Ethnicity: Native Hawaiian or Pacific Islander<br><br>Percent Native Hawaiian or Pacific Islander: 0.2<br>Percent Cases: NA<br>Percent Deaths: NA<br>
0400000US30,30,Montana,1041732,White,91.53,MT,92.68,NA,1.01,NA,<b>Montana</b><br>Race/Ethnicity: White<br><br>Percent White: 91.53<br>Percent Cases: 92.68<br>Percent Deaths: NA<br>
0400000US31,31,Nebraska,1904760,American Indian or Alaska Native,1.71,NE,NA,NA,NA,NA,<b>Nebraska</b><br>Race/Ethnicity: American Indian or Alaska Native<br><br>Percent American Indian or Alaska Native: 1.71<br>Percent Cases: NA<br>Percent Deaths: NA<br>
0400000US31,31,Nebraska,1904760,Asian,2.95,NE,NA,NA,NA,NA,<b>Nebraska</b><br>Race/Ethnicity: Asian<br><br>Percent Asian: 2.95<br>Percent Cases: NA<br>Percent Deaths: NA<br>
0400000US31,31,Nebraska,1904760,Black,5.93,NE,NA,NA,NA,NA,<b>Nebraska</b><br>Race/Ethnicity: Black<br><br>Percent Black: 5.93<br>Percent Cases: NA<br>Percent Deaths: NA<br>
0400000US31,31,Nebraska,1904760,Hispanic,10.67,NE,NA,NA,NA,NA,<b>Nebraska</b><br>Race/Ethnicity: Hispanic<br><br>Percent Hispanic: 10.67<br>Percent Cases: NA<br>Percent Deaths: NA<br>
0400000US31,31,Nebraska,1904760,Native Hawaiian or Pacific Islander,0.17,NE,NA,NA,NA,NA,<b>Nebraska</b><br>Race/Ethnicity: Native Hawaiian or Pacific Islander<br><br>Percent Native Hawaiian or Pacific Islander: 0.17<br>Percent Cases: NA<br>Percent Deaths: NA<br>
0400000US31,31,Nebraska,1904760,White,89.77,NE,NA,NA,NA,NA,<b>Nebraska</b><br>Race/Ethnicity: White<br><br>Percent White: 89.77<br>Percent Cases: NA<br>Percent Deaths: NA<br>
0400000US32,32,Nevada,2922849,American Indian or Alaska Native,2.14,NV,NA,NA,NA,NA,<b>Nevada</b><br>Race/Ethnicity: American Indian or Alaska Native<br><br>Percent American Indian or Alaska Native: 2.14<br>Percent Cases: NA<br>Percent Deaths: NA<br>
0400000US32,32,Nevada,2922849,Asian,10.13,NV,NA,NA,NA,NA,<b>Nevada</b><br>Race/Ethnicity: Asian<br><br>Percent Asian: 10.13<br>Percent Cases: NA<br>Percent Deaths: NA<br>
0400000US32,32,Nevada,2922849,Black,10.58,NV,NA,NA,NA,NA,<b>Nevada</b><br>Race/Ethnicity: Black<br><br>Percent Black: 10.58<br>Percent Cases: NA<br>Percent Deaths: NA<br>
0400000US32,32,Nevada,2922849,Hispanic,28.45,NV,NA,NA,NA,NA,<b>Nevada</b><br>Race/Ethnicity: Hispanic<br><br>Percent Hispanic: 28.45<br>Percent Cases: NA<br>Percent Deaths: NA<br>
0400000US32,32,Nevada,2922849,Native Hawaiian or Pacific Islander,1.36,NV,NA,NA,NA,NA,<b>Nevada</b><br>Race/Ethnicity: Native Hawaiian or Pacific Islander<br><br>Percent Native Hawaiian or Pacific Islander: 1.36<br>Percent Cases: NA<br>Percent Deaths: NA<br>
0400000US32,32,Nevada,2922849,White,70.1,NV,NA,NA,NA,NA,<b>Nevada</b><br>Race/Ethnicity: White<br><br>Percent White: 70.1<br>Percent Cases: NA<br>Percent Deaths: NA<br>
0400000US33,33,New Hampshire,1343622,American Indian or Alaska Native,0.82,NH,NA,NA,NA,NA,<b>New Hampshire</b><br>Race/Ethnicity: American Indian or Alaska Native<br><br>Percent American Indian or Alaska Native: 0.82<br>Percent Cases: NA<br>Percent Deaths: NA<br>
0400000US33,33,New Hampshire,1343622,Asian,3.39,NH,2.53,0,0.75,0,<b>New Hampshire</b><br>Race/Ethnicity: Asian<br><br>Percent Asian: 3.39<br>Percent Cases: 2.53<br>Percent Deaths: 0<br>
0400000US33,33,New Hampshire,1343622,Black,2.21,NH,4.44,0,2.01,0,<b>New Hampshire</b><br>Race/Ethnicity: Black<br><br>Percent Black: 2.21<br>Percent Cases: 4.44<br>Percent Deaths: 0<br>
0400000US33,33,New Hampshire,1343622,Hispanic,3.6,NH,NA,NA,NA,NA,<b>New Hampshire</b><br>Race/Ethnicity: Hispanic<br><br>Percent Hispanic: 3.6<br>Percent Cases: NA<br>Percent Deaths: NA<br>
0400000US33,33,New Hampshire,1343622,Native Hawaiian or Pacific Islander,0.11,NH,NA,NA,NA,NA,<b>New Hampshire</b><br>Race/Ethnicity: Native Hawaiian or Pacific Islander<br><br>Percent Native Hawaiian or Pacific Islander: 0.11<br>Percent Cases: NA<br>Percent Deaths: NA<br>
0400000US33,33,New Hampshire,1343622,White,94.97,NH,62.18,60,0.65,0.63,<b>New Hampshire</b><br>Race/Ethnicity: White<br><br>Percent White: 94.97<br>Percent Cases: 62.18<br>Percent Deaths: 60<br>
0400000US34,34,New Jersey,8881845,American Indian or Alaska Native,0.67,NJ,NA,NA,NA,NA,<b>New Jersey</b><br>Race/Ethnicity: American Indian or Alaska Native<br><br>Percent American Indian or Alaska Native: 0.67<br>Percent Cases: NA<br>Percent Deaths: NA<br>
0400000US34,34,New Jersey,8881845,Asian,10.25,NJ,NA,3.03,NA,0.3,<b>New Jersey</b><br>Race/Ethnicity: Asian<br><br>Percent Asian: 10.25<br>Percent Cases: NA<br>Percent Deaths: 3.03<br>
0400000US34,34,New Jersey,8881845,Black,14.79,NJ,NA,12.38,NA,0.84,<b>New Jersey</b><br>Race/Ethnicity: Black<br><br>Percent Black: 14.79<br>Percent Cases: NA<br>Percent Deaths: 12.38<br>
0400000US34,34,New Jersey,8881845,Hispanic,19.91,NJ,NA,9.69,NA,0.49,<b>New Jersey</b><br>Race/Ethnicity: Hispanic<br><br>Percent Hispanic: 19.91<br>Percent Cases: NA<br>Percent Deaths: 9.69<br>
0400000US34,34,New Jersey,8881845,Native Hawaiian or Pacific Islander,0.14,NJ,NA,NA,NA,NA,<b>New Jersey</b><br>Race/Ethnicity: Native Hawaiian or Pacific Islander<br><br>Percent Native Hawaiian or Pacific Islander: 0.14<br>Percent Cases: NA<br>Percent Deaths: NA<br>
0400000US34,34,New Jersey,8881845,White,69.95,NJ,NA,27.75,NA,0.4,<b>New Jersey</b><br>Race/Ethnicity: White<br><br>Percent White: 69.95<br>Percent Cases: NA<br>Percent Deaths: 27.75<br>
0400000US35,35,New Mexico,2092434,American Indian or Alaska Native,10.73,NM,52.79,NA,4.92,NA,<b>New Mexico</b><br>Race/Ethnicity: American Indian or Alaska Native<br><br>Percent American Indian or Alaska Native: 10.73<br>Percent Cases: 52.79<br>Percent Deaths: NA<br>
0400000US35,35,New Mexico,2092434,Asian,2.37,NM,1.21,NA,0.51,NA,<b>New Mexico</b><br>Race/Ethnicity: Asian<br><br>Percent Asian: 2.37<br>Percent Cases: 1.21<br>Percent Deaths: NA<br>
0400000US35,35,New Mexico,2092434,Black,2.76,NM,2.74,NA,0.99,NA,<b>New Mexico</b><br>Race/Ethnicity: Black<br><br>Percent Black: 2.76<br>Percent Cases: 2.74<br>Percent Deaths: NA<br>
0400000US35,35,New Mexico,2092434,Hispanic,48.54,NM,20.45,NA,0.42,NA,<b>New Mexico</b><br>Race/Ethnicity: Hispanic<br><br>Percent Hispanic: 48.54<br>Percent Cases: 20.45<br>Percent Deaths: NA<br>
0400000US35,35,New Mexico,2092434,Native Hawaiian or Pacific Islander,0.17,NM,NA,NA,NA,NA,<b>New Mexico</b><br>Race/Ethnicity: Native Hawaiian or Pacific Islander<br><br>Percent Native Hawaiian or Pacific Islander: 0.17<br>Percent Cases: NA<br>Percent Deaths: NA<br>
0400000US35,35,New Mexico,2092434,White,77.12,NM,16.12,NA,0.21,NA,<b>New Mexico</b><br>Race/Ethnicity: White<br><br>Percent White: 77.12<br>Percent Cases: 16.12<br>Percent Deaths: NA<br>
0400000US36,36,New York,19618453,American Indian or Alaska Native,1.06,NY,NA,NA,NA,NA,<b>New York</b><br>Race/Ethnicity: American Indian or Alaska Native<br><br>Percent American Indian or Alaska Native: 1.06<br>Percent Cases: NA<br>Percent Deaths: NA<br>
0400000US36,36,New York,19618453,Asian,9.25,NY,NA,4.03,NA,0.44,<b>New York</b><br>Race/Ethnicity: Asian<br><br>Percent Asian: 9.25<br>Percent Cases: NA<br>Percent Deaths: 4.03<br>
0400000US36,36,New York,19618453,Black,17.17,NY,NA,16.3,NA,0.95,<b>New York</b><br>Race/Ethnicity: Black<br><br>Percent Black: 17.17<br>Percent Cases: NA<br>Percent Deaths: 16.3<br>
0400000US36,36,New York,19618453,Hispanic,18.89,NY,NA,NA,NA,NA,<b>New York</b><br>Race/Ethnicity: Hispanic<br><br>Percent Hispanic: 18.89<br>Percent Cases: NA<br>Percent Deaths: NA<br>
0400000US36,36,New York,19618453,Native Hawaiian or Pacific Islander,0.15,NY,NA,NA,NA,NA,<b>New York</b><br>Race/Ethnicity: Native Hawaiian or Pacific Islander<br><br>Percent Native Hawaiian or Pacific Islander: 0.15<br>Percent Cases: NA<br>Percent Deaths: NA<br>
0400000US36,36,New York,19618453,White,66.13,NY,NA,25.71,NA,0.39,<b>New York</b><br>Race/Ethnicity: White<br><br>Percent White: 66.13<br>Percent Cases: NA<br>Percent Deaths: 25.71<br>
0400000US37,37,North Carolina,10155624,American Indian or Alaska Native,1.96,NC,0.49,0.28,0.25,0.14,<b>North Carolina</b><br>Race/Ethnicity: American Indian or Alaska Native<br><br>Percent American Indian or Alaska Native: 1.96<br>Percent Cases: 0.49<br>Percent Deaths: 0.28<br>
0400000US37,37,North Carolina,10155624,Asian,3.37,NC,1.47,0.85,0.44,0.25,<b>North Carolina</b><br>Race/Ethnicity: Asian<br><br>Percent Asian: 3.37<br>Percent Cases: 1.47<br>Percent Deaths: 0.85<br>
0400000US37,37,North Carolina,10155624,Black,22.95,NC,28.42,33.05,1.24,1.44,<b>North Carolina</b><br>Race/Ethnicity: Black<br><br>Percent Black: 22.95<br>Percent Cases: 28.42<br>Percent Deaths: 33.05<br>
0400000US37,37,North Carolina,10155624,Hispanic,9.22,NC,10.72,1.98,1.16,0.21,<b>North Carolina</b><br>Race/Ethnicity: Hispanic<br><br>Percent Hispanic: 9.22<br>Percent Cases: 10.72<br>Percent Deaths: 1.98<br>
0400000US37,37,North Carolina,10155624,Native Hawaiian or Pacific Islander,0.17,NC,0.17,0.28,0.98,1.62,<b>North Carolina</b><br>Race/Ethnicity: Native Hawaiian or Pacific Islander<br><br>Percent Native Hawaiian or Pacific Islander: 0.17<br>Percent Cases: 0.17<br>Percent Deaths: 0.28<br>
0400000US37,37,North Carolina,10155624,White,71.06,NC,38.36,57.34,0.54,0.81,<b>North Carolina</b><br>Race/Ethnicity: White<br><br>Percent White: 71.06<br>Percent Cases: 38.36<br>Percent Deaths: 57.34<br>
0400000US38,38,North Dakota,752201,American Indian or Alaska Native,6.56,ND,NA,NA,NA,NA,<b>North Dakota</b><br>Race/Ethnicity: American Indian or Alaska Native<br><br>Percent American Indian or Alaska Native: 6.56<br>Percent Cases: NA<br>Percent Deaths: NA<br>
0400000US38,38,North Dakota,752201,Asian,1.96,ND,NA,NA,NA,NA,<b>North Dakota</b><br>Race/Ethnicity: Asian<br><br>Percent Asian: 1.96<br>Percent Cases: NA<br>Percent Deaths: NA<br>
0400000US38,38,North Dakota,752201,Black,3.29,ND,NA,NA,NA,NA,<b>North Dakota</b><br>Race/Ethnicity: Black<br><br>Percent Black: 3.29<br>Percent Cases: NA<br>Percent Deaths: NA<br>
0400000US38,38,North Dakota,752201,Hispanic,3.53,ND,NA,NA,NA,NA,<b>North Dakota</b><br>Race/Ethnicity: Hispanic<br><br>Percent Hispanic: 3.53<br>Percent Cases: NA<br>Percent Deaths: NA<br>
0400000US38,38,North Dakota,752201,Native Hawaiian or Pacific Islander,0.2,ND,NA,NA,NA,NA,<b>North Dakota</b><br>Race/Ethnicity: Native Hawaiian or Pacific Islander<br><br>Percent Native Hawaiian or Pacific Islander: 0.2<br>Percent Cases: NA<br>Percent Deaths: NA<br>
0400000US38,38,North Dakota,752201,White,89.37,ND,NA,NA,NA,NA,<b>North Dakota</b><br>Race/Ethnicity: White<br><br>Percent White: 89.37<br>Percent Cases: NA<br>Percent Deaths: NA<br>
0400000US39,39,Ohio,11641879,American Indian or Alaska Native,0.87,OH,0.08,NA,0.09,NA,<b>Ohio</b><br>Race/Ethnicity: American Indian or Alaska Native<br><br>Percent American Indian or Alaska Native: 0.87<br>Percent Cases: 0.08<br>Percent Deaths: NA<br>
0400000US39,39,Ohio,11641879,Asian,2.7,OH,1.44,0.32,0.53,0.12,<b>Ohio</b><br>Race/Ethnicity: Asian<br><br>Percent Asian: 2.7<br>Percent Cases: 1.44<br>Percent Deaths: 0.32<br>
0400000US39,39,Ohio,11641879,Black,14.08,OH,24.39,16.22,1.73,1.15,<b>Ohio</b><br>Race/Ethnicity: Black<br><br>Percent Black: 14.08<br>Percent Cases: 24.39<br>Percent Deaths: 16.22<br>
0400000US39,39,Ohio,11641879,Hispanic,3.7,OH,3.65,1.17,0.99,0.32,<b>Ohio</b><br>Race/Ethnicity: Hispanic<br><br>Percent Hispanic: 3.7<br>Percent Cases: 3.65<br>Percent Deaths: 1.17<br>
0400000US39,39,Ohio,11641879,Native Hawaiian or Pacific Islander,0.1,OH,0.08,NA,0.82,NA,<b>Ohio</b><br>Race/Ethnicity: Native Hawaiian or Pacific Islander<br><br>Percent Native Hawaiian or Pacific Islander: 0.1<br>Percent Cases: 0.08<br>Percent Deaths: NA<br>
0400000US39,39,Ohio,11641879,White,84.07,OH,51.62,72.79,0.61,0.87,<b>Ohio</b><br>Race/Ethnicity: White<br><br>Percent White: 84.07<br>Percent Cases: 51.62<br>Percent Deaths: 72.79<br>
0400000US40,40,Oklahoma,3918137,American Indian or Alaska Native,13.36,OK,7.08,7.94,0.53,0.59,<b>Oklahoma</b><br>Race/Ethnicity: American Indian or Alaska Native<br><br>Percent American Indian or Alaska Native: 13.36<br>Percent Cases: 7.08<br>Percent Deaths: 7.94<br>
0400000US40,40,Oklahoma,3918137,Asian,2.8,OK,2.02,0.93,0.72,0.33,<b>Oklahoma</b><br>Race/Ethnicity: Asian<br><br>Percent Asian: 2.8<br>Percent Cases: 2.02<br>Percent Deaths: 0.93<br>
0400000US40,40,Oklahoma,3918137,Black,9.15,OK,6.1,9.35,0.67,1.02,<b>Oklahoma</b><br>Race/Ethnicity: Black<br><br>Percent Black: 9.15<br>Percent Cases: 6.1<br>Percent Deaths: 9.35<br>
0400000US40,40,Oklahoma,3918137,Hispanic,10.4,OK,NA,NA,NA,NA,<b>Oklahoma</b><br>Race/Ethnicity: Hispanic<br><br>Percent Hispanic: 10.4<br>Percent Cases: NA<br>Percent Deaths: NA<br>
0400000US40,40,Oklahoma,3918137,Native Hawaiian or Pacific Islander,0.23,OK,NA,NA,NA,NA,<b>Oklahoma</b><br>Race/Ethnicity: Native Hawaiian or Pacific Islander<br><br>Percent Native Hawaiian or Pacific Islander: 0.23<br>Percent Cases: NA<br>Percent Deaths: NA<br>
0400000US40,40,Oklahoma,3918137,White,79.49,OK,70.2,75.7,0.88,0.95,<b>Oklahoma</b><br>Race/Ethnicity: White<br><br>Percent White: 79.49<br>Percent Cases: 70.2<br>Percent Deaths: 75.7<br>
0400000US41,41,Oregon,4081943,American Indian or Alaska Native,3.15,OR,1.24,NA,0.39,NA,<b>Oregon</b><br>Race/Ethnicity: American Indian or Alaska Native<br><br>Percent American Indian or Alaska Native: 3.15<br>Percent Cases: 1.24<br>Percent Deaths: NA<br>
0400000US41,41,Oregon,4081943,Asian,5.86,OR,3.41,NA,0.58,NA,<b>Oregon</b><br>Race/Ethnicity: Asian<br><br>Percent Asian: 5.86<br>Percent Cases: 3.41<br>Percent Deaths: NA<br>
0400000US41,41,Oregon,4081943,Black,2.86,OR,2.47,NA,0.87,NA,<b>Oregon</b><br>Race/Ethnicity: Black<br><br>Percent Black: 2.86<br>Percent Cases: 2.47<br>Percent Deaths: NA<br>
0400000US41,41,Oregon,4081943,Hispanic,12.84,OR,27.21,NA,2.12,NA,<b>Oregon</b><br>Race/Ethnicity: Hispanic<br><br>Percent Hispanic: 12.84<br>Percent Cases: 27.21<br>Percent Deaths: NA<br>
0400000US41,41,Oregon,4081943,Native Hawaiian or Pacific Islander,0.82,OR,1.11,NA,1.36,NA,<b>Oregon</b><br>Race/Ethnicity: Native Hawaiian or Pacific Islander<br><br>Percent Native Hawaiian or Pacific Islander: 0.82<br>Percent Cases: 1.11<br>Percent Deaths: NA<br>
0400000US41,41,Oregon,4081943,White,88.8,OR,54.58,NA,0.61,NA,<b>Oregon</b><br>Race/Ethnicity: White<br><br>Percent White: 88.8<br>Percent Cases: 54.58<br>Percent Deaths: NA<br>
0400000US42,42,Pennsylvania,12791181,American Indian or Alaska Native,0.76,PA,NA,NA,NA,NA,<b>Pennsylvania</b><br>Race/Ethnicity: American Indian or Alaska Native<br><br>Percent American Indian or Alaska Native: 0.76<br>Percent Cases: NA<br>Percent Deaths: NA<br>
0400000US42,42,Pennsylvania,12791181,Asian,3.91,PA,1.05,1.18,0.27,0.3,<b>Pennsylvania</b><br>Race/Ethnicity: Asian<br><br>Percent Asian: 3.91<br>Percent Cases: 1.05<br>Percent Deaths: 1.18<br>
0400000US42,42,Pennsylvania,12791181,Black,12.57,PA,10.23,9.93,0.81,0.79,<b>Pennsylvania</b><br>Race/Ethnicity: Black<br><br>Percent Black: 12.57<br>Percent Cases: 10.23<br>Percent Deaths: 9.93<br>
0400000US42,42,Pennsylvania,12791181,Hispanic,7.08,PA,NA,NA,NA,NA,<b>Pennsylvania</b><br>Race/Ethnicity: Hispanic<br><br>Percent Hispanic: 7.08<br>Percent Cases: NA<br>Percent Deaths: NA<br>
0400000US42,42,Pennsylvania,12791181,Native Hawaiian or Pacific Islander,0.12,PA,NA,NA,NA,NA,<b>Pennsylvania</b><br>Race/Ethnicity: Native Hawaiian or Pacific Islander<br><br>Percent Native Hawaiian or Pacific Islander: 0.12<br>Percent Cases: NA<br>Percent Deaths: NA<br>
0400000US42,42,Pennsylvania,12791181,White,82.94,PA,21.02,36.04,0.25,0.43,<b>Pennsylvania</b><br>Race/Ethnicity: White<br><br>Percent White: 82.94<br>Percent Cases: 21.02<br>Percent Deaths: 36.04<br>
0400000US44,44,Rhode Island,1056611,American Indian or Alaska Native,1.35,RI,NA,NA,NA,NA,<b>Rhode Island</b><br>Race/Ethnicity: American Indian or Alaska Native<br><br>Percent American Indian or Alaska Native: 1.35<br>Percent Cases: NA<br>Percent Deaths: NA<br>
0400000US44,44,Rhode Island,1056611,Asian,4.12,RI,NA,NA,NA,NA,<b>Rhode Island</b><br>Race/Ethnicity: Asian<br><br>Percent Asian: 4.12<br>Percent Cases: NA<br>Percent Deaths: NA<br>
0400000US44,44,Rhode Island,1056611,Black,8.14,RI,13,5.98,1.6,0.73,<b>Rhode Island</b><br>Race/Ethnicity: Black<br><br>Percent Black: 8.14<br>Percent Cases: 13<br>Percent Deaths: 5.98<br>
0400000US44,44,Rhode Island,1056611,Hispanic,15.03,RI,43,11.95,2.86,0.79,<b>Rhode Island</b><br>Race/Ethnicity: Hispanic<br><br>Percent Hispanic: 15.03<br>Percent Cases: 43<br>Percent Deaths: 11.95<br>
0400000US44,44,Rhode Island,1056611,Native Hawaiian or Pacific Islander,0.23,RI,NA,NA,NA,NA,<b>Rhode Island</b><br>Race/Ethnicity: Native Hawaiian or Pacific Islander<br><br>Percent Native Hawaiian or Pacific Islander: 0.23<br>Percent Cases: NA<br>Percent Deaths: NA<br>
0400000US44,44,Rhode Island,1056611,White,83.23,RI,39,79.68,0.47,0.96,<b>Rhode Island</b><br>Race/Ethnicity: White<br><br>Percent White: 83.23<br>Percent Cases: 39<br>Percent Deaths: 79.68<br>
0400000US45,45,South Carolina,4955925,American Indian or Alaska Native,0.97,SC,1.75,NA,1.8,NA,<b>South Carolina</b><br>Race/Ethnicity: American Indian or Alaska Native<br><br>Percent American Indian or Alaska Native: 0.97<br>Percent Cases: 1.75<br>Percent Deaths: NA<br>
0400000US45,45,South Carolina,4955925,Asian,1.99,SC,NA,NA,NA,NA,<b>South Carolina</b><br>Race/Ethnicity: Asian<br><br>Percent Asian: 1.99<br>Percent Cases: NA<br>Percent Deaths: NA<br>
0400000US45,45,South Carolina,4955925,Black,28.28,SC,37.65,33.62,1.33,1.19,<b>South Carolina</b><br>Race/Ethnicity: Black<br><br>Percent Black: 28.28<br>Percent Cases: 37.65<br>Percent Deaths: 33.62<br>
0400000US45,45,South Carolina,4955925,Hispanic,5.56,SC,4.93,NA,0.89,NA,<b>South Carolina</b><br>Race/Ethnicity: Hispanic<br><br>Percent Hispanic: 5.56<br>Percent Cases: 4.93<br>Percent Deaths: NA<br>
0400000US45,45,South Carolina,4955925,Native Hawaiian or Pacific Islander,0.12,SC,NA,0.43,NA,3.57,<b>South Carolina</b><br>Race/Ethnicity: Native Hawaiian or Pacific Islander<br><br>Percent Native Hawaiian or Pacific Islander: 0.12<br>Percent Cases: NA<br>Percent Deaths: 0.43<br>
0400000US45,45,South Carolina,4955925,White,69.17,SC,39.4,42.67,0.57,0.62,<b>South Carolina</b><br>Race/Ethnicity: White<br><br>Percent White: 69.17<br>Percent Cases: 39.4<br>Percent Deaths: 42.67<br>
0400000US46,46,South Dakota,864289,American Indian or Alaska Native,10.35,SD,NA,NA,NA,NA,<b>South Dakota</b><br>Race/Ethnicity: American Indian or Alaska Native<br><br>Percent American Indian or Alaska Native: 10.35<br>Percent Cases: NA<br>Percent Deaths: NA<br>
0400000US46,46,South Dakota,864289,Asian,1.84,SD,NA,NA,NA,NA,<b>South Dakota</b><br>Race/Ethnicity: Asian<br><br>Percent Asian: 1.84<br>Percent Cases: NA<br>Percent Deaths: NA<br>
0400000US46,46,South Dakota,864289,Black,2.62,SD,NA,NA,NA,NA,<b>South Dakota</b><br>Race/Ethnicity: Black<br><br>Percent Black: 2.62<br>Percent Cases: NA<br>Percent Deaths: NA<br>
0400000US46,46,South Dakota,864289,Hispanic,3.7,SD,NA,NA,NA,NA,<b>South Dakota</b><br>Race/Ethnicity: Hispanic<br><br>Percent Hispanic: 3.7<br>Percent Cases: NA<br>Percent Deaths: NA<br>
0400000US46,46,South Dakota,864289,Native Hawaiian or Pacific Islander,0.13,SD,NA,NA,NA,NA,<b>South Dakota</b><br>Race/Ethnicity: Native Hawaiian or Pacific Islander<br><br>Percent Native Hawaiian or Pacific Islander: 0.13<br>Percent Cases: NA<br>Percent Deaths: NA<br>
0400000US46,46,South Dakota,864289,White,86.99,SD,NA,NA,NA,NA,<b>South Dakota</b><br>Race/Ethnicity: White<br><br>Percent White: 86.99<br>Percent Cases: NA<br>Percent Deaths: NA<br>
0400000US47,47,Tennessee,6651089,American Indian or Alaska Native,0.93,TN,NA,NA,NA,NA,<b>Tennessee</b><br>Race/Ethnicity: American Indian or Alaska Native<br><br>Percent American Indian or Alaska Native: 0.93<br>Percent Cases: NA<br>Percent Deaths: NA<br>
0400000US47,47,Tennessee,6651089,Asian,2.15,TN,2.29,2.56,1.07,1.19,<b>Tennessee</b><br>Race/Ethnicity: Asian<br><br>Percent Asian: 2.15<br>Percent Cases: 2.29<br>Percent Deaths: 2.56<br>
0400000US47,47,Tennessee,6651089,Black,17.87,TN,20.64,29.23,1.16,1.64,<b>Tennessee</b><br>Race/Ethnicity: Black<br><br>Percent Black: 17.87<br>Percent Cases: 20.64<br>Percent Deaths: 29.23<br>
0400000US47,47,Tennessee,6651089,Hispanic,5.3,TN,8.61,2.56,1.63,0.48,<b>Tennessee</b><br>Race/Ethnicity: Hispanic<br><br>Percent Hispanic: 5.3<br>Percent Cases: 8.61<br>Percent Deaths: 2.56<br>
0400000US47,47,Tennessee,6651089,Native Hawaiian or Pacific Islander,0.16,TN,NA,NA,NA,NA,<b>Tennessee</b><br>Race/Ethnicity: Native Hawaiian or Pacific Islander<br><br>Percent Native Hawaiian or Pacific Islander: 0.16<br>Percent Cases: NA<br>Percent Deaths: NA<br>
0400000US47,47,Tennessee,6651089,White,79.62,TN,42.42,61.54,0.53,0.77,<b>Tennessee</b><br>Race/Ethnicity: White<br><br>Percent White: 79.62<br>Percent Cases: 42.42<br>Percent Deaths: 61.54<br>
0400000US48,48,Texas,27885195,American Indian or Alaska Native,1.23,TX,NA,NA,NA,NA,<b>Texas</b><br>Race/Ethnicity: American Indian or Alaska Native<br><br>Percent American Indian or Alaska Native: 1.23<br>Percent Cases: NA<br>Percent Deaths: NA<br>
0400000US48,48,Texas,27885195,Asian,5.41,TX,0.78,0.55,0.14,0.1,<b>Texas</b><br>Race/Ethnicity: Asian<br><br>Percent Asian: 5.41<br>Percent Cases: 0.78<br>Percent Deaths: 0.55<br>
0400000US48,48,Texas,27885195,Black,13.08,TX,3.44,6.28,0.26,0.48,<b>Texas</b><br>Race/Ethnicity: Black<br><br>Percent Black: 13.08<br>Percent Cases: 3.44<br>Percent Deaths: 6.28<br>
0400000US48,48,Texas,27885195,Hispanic,39.17,TX,5.73,8.06,0.15,0.21,<b>Texas</b><br>Race/Ethnicity: Hispanic<br><br>Percent Hispanic: 39.17<br>Percent Cases: 5.73<br>Percent Deaths: 8.06<br>
0400000US48,48,Texas,27885195,Native Hawaiian or Pacific Islander,0.2,TX,NA,NA,NA,NA,<b>Texas</b><br>Race/Ethnicity: Native Hawaiian or Pacific Islander<br><br>Percent Native Hawaiian or Pacific Islander: 0.2<br>Percent Cases: NA<br>Percent Deaths: NA<br>
0400000US48,48,Texas,27885195,White,76.56,TX,6.53,16.67,0.09,0.22,<b>Texas</b><br>Race/Ethnicity: White<br><br>Percent White: 76.56<br>Percent Cases: 6.53<br>Percent Deaths: 16.67<br>
0400000US49,49,Utah,3045350,American Indian or Alaska Native,1.8,UT,1.22,NA,0.68,NA,<b>Utah</b><br>Race/Ethnicity: American Indian or Alaska Native<br><br>Percent American Indian or Alaska Native: 1.8<br>Percent Cases: 1.22<br>Percent Deaths: NA<br>
0400000US49,49,Utah,3045350,Asian,3.39,UT,2.41,NA,0.71,NA,<b>Utah</b><br>Race/Ethnicity: Asian<br><br>Percent Asian: 3.39<br>Percent Cases: 2.41<br>Percent Deaths: NA<br>
0400000US49,49,Utah,3045350,Black,1.73,UT,2.08,NA,1.2,NA,<b>Utah</b><br>Race/Ethnicity: Black<br><br>Percent Black: 1.73<br>Percent Cases: 2.08<br>Percent Deaths: NA<br>
0400000US49,49,Utah,3045350,Hispanic,13.86,UT,33.14,NA,2.39,NA,<b>Utah</b><br>Race/Ethnicity: Hispanic<br><br>Percent Hispanic: 13.86<br>Percent Cases: 33.14<br>Percent Deaths: NA<br>
0400000US49,49,Utah,3045350,Native Hawaiian or Pacific Islander,1.47,UT,2.02,NA,1.38,NA,<b>Utah</b><br>Race/Ethnicity: Native Hawaiian or Pacific Islander<br><br>Percent Native Hawaiian or Pacific Islander: 1.47<br>Percent Cases: 2.02<br>Percent Deaths: NA<br>
0400000US49,49,Utah,3045350,White,89.1,UT,40.6,NA,0.46,NA,<b>Utah</b><br>Race/Ethnicity: White<br><br>Percent White: 89.1<br>Percent Cases: 40.6<br>Percent Deaths: NA<br>
0400000US50,50,Vermont,624977,American Indian or Alaska Native,1.31,VT,0.12,NA,0.09,NA,<b>Vermont</b><br>Race/Ethnicity: American Indian or Alaska Native<br><br>Percent American Indian or Alaska Native: 1.31<br>Percent Cases: 0.12<br>Percent Deaths: NA<br>
0400000US50,50,Vermont,624977,Asian,2.2,VT,1.16,4.26,0.53,1.93,<b>Vermont</b><br>Race/Ethnicity: Asian<br><br>Percent Asian: 2.2<br>Percent Cases: 1.16<br>Percent Deaths: 4.26<br>
0400000US50,50,Vermont,624977,Black,1.82,VT,1.74,NA,0.96,NA,<b>Vermont</b><br>Race/Ethnicity: Black<br><br>Percent Black: 1.82<br>Percent Cases: 1.74<br>Percent Deaths: NA<br>
0400000US50,50,Vermont,624977,Hispanic,1.87,VT,1.97,NA,1.06,NA,<b>Vermont</b><br>Race/Ethnicity: Hispanic<br><br>Percent Hispanic: 1.87<br>Percent Cases: 1.97<br>Percent Deaths: NA<br>
0400000US50,50,Vermont,624977,Native Hawaiian or Pacific Islander,0.12,VT,NA,NA,NA,NA,<b>Vermont</b><br>Race/Ethnicity: Native Hawaiian or Pacific Islander<br><br>Percent Native Hawaiian or Pacific Islander: 0.12<br>Percent Cases: NA<br>Percent Deaths: NA<br>
0400000US50,50,Vermont,624977,White,96.15,VT,86.19,89.36,0.9,0.93,<b>Vermont</b><br>Race/Ethnicity: White<br><br>Percent White: 96.15<br>Percent Cases: 86.19<br>Percent Deaths: 89.36<br>
0400000US51,51,Virginia,8413774,American Indian or Alaska Native,1.02,VA,NA,NA,NA,NA,<b>Virginia</b><br>Race/Ethnicity: American Indian or Alaska Native<br><br>Percent American Indian or Alaska Native: 1.02<br>Percent Cases: NA<br>Percent Deaths: NA<br>
0400000US51,51,Virginia,8413774,Asian,7.72,VA,NA,NA,NA,NA,<b>Virginia</b><br>Race/Ethnicity: Asian<br><br>Percent Asian: 7.72<br>Percent Cases: NA<br>Percent Deaths: NA<br>
0400000US51,51,Virginia,8413774,Black,21,VA,19.07,26.12,0.91,1.24,<b>Virginia</b><br>Race/Ethnicity: Black<br><br>Percent Black: 21<br>Percent Cases: 19.07<br>Percent Deaths: 26.12<br>
0400000US51,51,Virginia,8413774,Hispanic,9.17,VA,NA,NA,NA,NA,<b>Virginia</b><br>Race/Ethnicity: Hispanic<br><br>Percent Hispanic: 9.17<br>Percent Cases: NA<br>Percent Deaths: NA<br>
0400000US51,51,Virginia,8413774,Native Hawaiian or Pacific Islander,0.22,VA,NA,NA,NA,NA,<b>Virginia</b><br>Race/Ethnicity: Native Hawaiian or Pacific Islander<br><br>Percent Native Hawaiian or Pacific Islander: 0.22<br>Percent Cases: NA<br>Percent Deaths: NA<br>
0400000US51,51,Virginia,8413774,White,71.16,VA,35.62,52.83,0.5,0.74,<b>Virginia</b><br>Race/Ethnicity: White<br><br>Percent White: 71.16<br>Percent Cases: 35.62<br>Percent Deaths: 52.83<br>
0400000US53,53,Washington,7294336,American Indian or Alaska Native,2.99,WA,0.85,0.87,0.28,0.29,<b>Washington</b><br>Race/Ethnicity: American Indian or Alaska Native<br><br>Percent American Indian or Alaska Native: 2.99<br>Percent Cases: 0.85<br>Percent Deaths: 0.87<br>
0400000US53,53,Washington,7294336,Asian,10.66,WA,6.37,8.61,0.6,0.81,<b>Washington</b><br>Race/Ethnicity: Asian<br><br>Percent Asian: 10.66<br>Percent Cases: 6.37<br>Percent Deaths: 8.61<br>
0400000US53,53,Washington,7294336,Black,5.45,WA,4.64,2.87,0.85,0.53,<b>Washington</b><br>Race/Ethnicity: Black<br><br>Percent Black: 5.45<br>Percent Cases: 4.64<br>Percent Deaths: 2.87<br>
0400000US53,53,Washington,7294336,Hispanic,12.5,WA,19.64,6.49,1.57,0.52,<b>Washington</b><br>Race/Ethnicity: Hispanic<br><br>Percent Hispanic: 12.5<br>Percent Cases: 19.64<br>Percent Deaths: 6.49<br>
0400000US53,53,Washington,7294336,Native Hawaiian or Pacific Islander,1.21,WA,1.17,0.5,0.97,0.41,<b>Washington</b><br>Race/Ethnicity: Native Hawaiian or Pacific Islander<br><br>Percent Native Hawaiian or Pacific Islander: 1.21<br>Percent Cases: 1.17<br>Percent Deaths: 0.5<br>
0400000US53,53,Washington,7294336,White,81.12,WA,31.6,66.29,0.39,0.82,<b>Washington</b><br>Race/Ethnicity: White<br><br>Percent White: 81.12<br>Percent Cases: 31.6<br>Percent Deaths: 66.29<br>
0400000US54,54,West Virginia,1829054,American Indian or Alaska Native,0.72,WV,NA,NA,NA,NA,<b>West Virginia</b><br>Race/Ethnicity: American Indian or Alaska Native<br><br>Percent American Indian or Alaska Native: 0.72<br>Percent Cases: NA<br>Percent Deaths: NA<br>
0400000US54,54,West Virginia,1829054,Asian,1.09,WV,NA,NA,NA,NA,<b>West Virginia</b><br>Race/Ethnicity: Asian<br><br>Percent Asian: 1.09<br>Percent Cases: NA<br>Percent Deaths: NA<br>
0400000US54,54,West Virginia,1829054,Black,4.63,WV,7.75,NA,1.67,NA,<b>West Virginia</b><br>Race/Ethnicity: Black<br><br>Percent Black: 4.63<br>Percent Cases: 7.75<br>Percent Deaths: NA<br>
0400000US54,54,West Virginia,1829054,Hispanic,1.5,WV,NA,NA,NA,NA,<b>West Virginia</b><br>Race/Ethnicity: Hispanic<br><br>Percent Hispanic: 1.5<br>Percent Cases: NA<br>Percent Deaths: NA<br>
0400000US54,54,West Virginia,1829054,Native Hawaiian or Pacific Islander,0.08,WV,NA,NA,NA,NA,<b>West Virginia</b><br>Race/Ethnicity: Native Hawaiian or Pacific Islander<br><br>Percent Native Hawaiian or Pacific Islander: 0.08<br>Percent Cases: NA<br>Percent Deaths: NA<br>
0400000US54,54,West Virginia,1829054,White,94.83,WV,81.51,NA,0.86,NA,<b>West Virginia</b><br>Race/Ethnicity: White<br><br>Percent White: 94.83<br>Percent Cases: 81.51<br>Percent Deaths: NA<br>
0400000US55,55,Wisconsin,5778394,American Indian or Alaska Native,1.6,WI,0.94,1.3,0.59,0.81,<b>Wisconsin</b><br>Race/Ethnicity: American Indian or Alaska Native<br><br>Percent American Indian or Alaska Native: 1.6<br>Percent Cases: 0.94<br>Percent Deaths: 1.3<br>
0400000US55,55,Wisconsin,5778394,Asian,3.29,WI,3.14,1.62,0.96,0.49,<b>Wisconsin</b><br>Race/Ethnicity: Asian<br><br>Percent Asian: 3.29<br>Percent Cases: 3.14<br>Percent Deaths: 1.62<br>
0400000US55,55,Wisconsin,5778394,Black,7.46,WI,23.27,32.79,3.12,4.4,<b>Wisconsin</b><br>Race/Ethnicity: Black<br><br>Percent Black: 7.46<br>Percent Cases: 23.27<br>Percent Deaths: 32.79<br>
0400000US55,55,Wisconsin,5778394,Hispanic,6.68,WI,24.57,5.52,3.68,0.83,<b>Wisconsin</b><br>Race/Ethnicity: Hispanic<br><br>Percent Hispanic: 6.68<br>Percent Cases: 24.57<br>Percent Deaths: 5.52<br>
0400000US55,55,Wisconsin,5778394,Native Hawaiian or Pacific Islander,0.11,WI,NA,NA,NA,NA,<b>Wisconsin</b><br>Race/Ethnicity: Native Hawaiian or Pacific Islander<br><br>Percent Native Hawaiian or Pacific Islander: 0.11<br>Percent Cases: NA<br>Percent Deaths: NA<br>
0400000US55,55,Wisconsin,5778394,White,87.75,WI,52.9,60.71,0.6,0.69,<b>Wisconsin</b><br>Race/Ethnicity: White<br><br>Percent White: 87.75<br>Percent Cases: 52.9<br>Percent Deaths: 60.71<br>
0400000US56,56,Wyoming,581836,American Indian or Alaska Native,3.73,WY,17.57,NA,4.71,NA,<b>Wyoming</b><br>Race/Ethnicity: American Indian or Alaska Native<br><br>Percent American Indian or Alaska Native: 3.73<br>Percent Cases: 17.57<br>Percent Deaths: NA<br>
0400000US56,56,Wyoming,581836,Asian,1.41,WY,0.99,NA,0.7,NA,<b>Wyoming</b><br>Race/Ethnicity: Asian<br><br>Percent Asian: 1.41<br>Percent Cases: 0.99<br>Percent Deaths: NA<br>
0400000US56,56,Wyoming,581836,Black,1.64,WY,0.99,NA,0.6,NA,<b>Wyoming</b><br>Race/Ethnicity: Black<br><br>Percent Black: 1.64<br>Percent Cases: 0.99<br>Percent Deaths: NA<br>
0400000US56,56,Wyoming,581836,Hispanic,9.79,WY,14.36,NA,1.47,NA,<b>Wyoming</b><br>Race/Ethnicity: Hispanic<br><br>Percent Hispanic: 9.79<br>Percent Cases: 14.36<br>Percent Deaths: NA<br>
0400000US56,56,Wyoming,581836,Native Hawaiian or Pacific Islander,0.22,WY,NA,NA,NA,NA,<b>Wyoming</b><br>Race/Ethnicity: Native Hawaiian or Pacific Islander<br><br>Percent Native Hawaiian or Pacific Islander: 0.22<br>Percent Cases: NA<br>Percent Deaths: NA<br>
0400000US56,56,Wyoming,581836,White,93.98,WY,57.67,NA,0.61,NA,<b>Wyoming</b><br>Race/Ethnicity: White<br><br>Percent White: 93.98<br>Percent Cases: 57.67<br>Percent Deaths: NA<br>
